{
    "$schema": "https://schema.management.azure.com/schemas/0.1.2-preview/CreateUIDefinition.MultiVm.json#",
    "handler": "Microsoft.Azure.CreateUIDef",
    "version": "0.1.2-preview",
    "parameters": {
        "basics": [
            {
                "name": "vmName",
                "type": "Microsoft.Common.TextBox",
                "label": "Virtual Machine name",
                "toolTip": "The name of the Virtual Machine.",
                "defaultValue": "simple-vm",
                "constraints": {
                    "required": true,
                    "regex": "^[a-z0-9A-Z-]{3,15}$",
                    "validationMessage": "The VM Name must be between 3 and 15 characters long and contain letters, numbers and hyphens only."
                }
            },
            {
                "name": "adminUsername",
                "type": "Microsoft.Compute.UserNameTextBox",
                "label": "Username",
                "toolTip": "Admin username for the machine",
                "osPlatform": "Windows",
                "constraints": {
                    "required": true
                }
            },
            {
                "name": "password",
                "type": "Microsoft.Common.PasswordBox",
                "label": {
                    "password": "Password",
                    "confirmPassword": "Confirm password"
                },
                "toolTip": "Admin password for the virtual machine",
                "constraints": {
                    "required": true,
                    "regex": "^(?=.*[A-Z])(?=.*[.!@#$%^&*()-_=+])(?=.*[0-9])(?=.*[a-z]).{12,40}$",
                    "validationMessage": "Password must be at least 12 characters long, and contain upper case, lower case, number and symbol"
                },
                "options": {
                    "hideConfirmation": false
                },
                "visible": true
            }
        ],
        "steps": [
            {
                "name": "VirtualMachineConfig",
                "label": "Virtual Machine Settings",
                "subLabel": {
                    "preValidation": "Configure the virtual machine's resources and settings",
                    "postValidation": "Done"
                },
                "bladeTitle": "Virtual Machine Settings",
                "elements": [
                    {
                        "name": "OSVersion",
                        "type": "Microsoft.Common.DropDown",
                        "label": "Windows OS Version",
                        "defaultValue": "2019-Datacenter",
                        "toolTip": "The OS Version for the VM Image",
                        "constraints": {
                            "allowedValues": [
                                {
                                    "value": "2008-R2-SP1",
                                    "label": "2008-R2-SP1"
                                },
                                {
                                    "value": "2012-Datacenter",
                                    "label": "2012-Datacenter"
                                },
                                {
                                    "value": "2012-R2-Datacenter",
                                    "label": "2012-R2-Datacenter"
                                },
                                {
                                    "value": "2016-Nano-Server",
                                    "label": "2016-Nano-Server"
                                },
                                {
                                    "value": "2016-Datacenter-with-Containers",
                                    "label": "2016-Datacenter-with-Containers"
                                },
                                {
                                    "value": "2016-Datacenter",
                                    "label": "2016-Datacenter"
                                },
                                {
                                    "value": "2019-Datacenter",
                                    "label": "2019-Datacenter"
                                },
                                {
                                    "value": "2019-Datacenter-Core",
                                    "label": "2019-Datacenter-Core"
                                },
                                {
                                    "value": "2019-Datacenter-Core-smalldisk",
                                    "label": "2019-Datacenter-Core-smalldisk"
                                },
                                {
                                    "value": "2019-Datacenter-Core-with-Containers",
                                    "label": "2019-Datacenter-Core-with-Containers"
                                },
                                {
                                    "value": "2019-Datacenter-Core-with-Containers-smalldisk",
                                    "label": "2019-Datacenter-Core-with-Containers-smalldisk"
                                },
                                {
                                    "value": "2019-Datacenter-smalldisk",
                                    "label": "2019-Datacenter-smalldisk"
                                },
                                {
                                    "value": "2019-Datacenter-with-Containers",
                                    "label": "2019-Datacenter-with-Containers"
                                },
                                {
                                    "value": "2019-Datacenter-with-Containers-smalldisk",
                                    "label": "2019-Datacenter-with-Containers-smalldisk"
                                }
                            ],
                            "required": true
                        },
                        "visible": true
                    },                
                    {
                        "name": "vmSize",
                        "type": "Microsoft.Compute.SizeSelector",
                        "label": "Virtual machine size",
                        "toolTip": "The size of virtual machine to provision.",
                        "recommendedSizes": [
                            "Standard_D2_v2",
                            "Standard_A2_v2"
                        ],
                        "osPlatform": "Windows",
                        "count": "1"
                    },
                    {
                        "name": "publicIpAddress",
                        "type": "Microsoft.Network.PublicIpAddressCombo",
                        "label": {
                            "publicIpAddress": "Public IP Address for the VM",
                            "domainNameLabel": "DNS Prefix for the public IP Address"
                        },
                        "toolTip": {
                            "publicIpAddress": "Public IP Address for the VM",
                            "domainNameLabel": "DNS Prefix for the public IP Address, must be globally unique"
                        },
                        "defaultValue": {
                            "publicIpAddressName": "[concat(basics('vmName'), '-ip')]",
                            "domainNameLabel": "[concat(basics('vmName'), '-', take(replace(guid(), '-', ''), 10))]"
                        },
                        "options": {
                            "hideExisting": true,
                            "hideNone": true
                        },
                        "constraints": {
                            "required": {
                                "domainNameLabel": true
                            }
                        }
                    }
                ]
            }
        ],
        "outputs": {
            "location": "[location()]",
            "vmName": "[basics('vmName')]",
            "adminUsername": "[basics('adminUsername')]",
            "adminPassword": "[basics('password')]",
            "vmSize": "[steps('VirtualMachineConfig').vmSize]",
            "OSVersion": "[steps('VirtualMachineConfig').OSVersion]",

            "publicIpName": "[steps('VirtualMachineConfig').publicIpAddress.name]",
            "dnsLabelPrefix": "[steps('VirtualMachineConfig').publicIpAddress.domainNameLabel]",
            "publicIPAllocationMethod": "[steps('VirtualMachineConfig').publicIpAddress.publicIPAllocationMethod]",
            "publicIpSku": "[steps('VirtualMachineConfig').publicIpAddress.sku]"
        }
    }
}