{
  "$schema": "https://aka.ms/azure-quickstart-templates-metadata-schema#",
  "type": "QuickStart",
  "itemDisplayName": "Deploy a simple Windows VM",
  "icon": "windowsVM",
  "description": "This template allows you to deploy a simple Windows VM using a few different options for the Windows version, using the latest patched version. This will deploy an A2 size VM in the resource group location and return the FQDN of the VM.",
  "summary": "This template takes a minimum amount of parameters and deploys a Windows VM, using the latest patched version.",
  "githubUsername": "bmoore-msft",
  "docOwner": "cynthn",
  "dateUpdated": "2020-09-18"
}
